S,Y
5.585740444986629916e-01,-2.829622760345880672e-01
8.045332173925238139e-01,1.810233479430486181e+00
7.838847517957882038e-01,1.556561971155263624e+00
9.332817033842655263e-01,1.579744995980776334e+00
7.586832035105109950e-01,1.529680433575175691e+00
3.015538243759785519e-02,5.654360048667739225e-01
7.789952494356696677e-01,1.781300332281219312e+00
9.309976962889001673e-01,1.216043748366562482e+00
6.608547040907419845e-02,1.083765524107718481e-01
8.006330379368987726e-01,1.575876357690833895e+00
3.817095662864691263e-01,-1.498598500079604712e+00
6.417733765554072267e-01,3.807437473906848391e-01
9.764658317976663282e-01,9.550632270436458793e-01
2.073902626723830300e-01,1.737525286596169893e-01
4.202494497244627647e-01,-9.563435518881898689e-01
4.164397483999968674e-01,-1.344053786690431185e+00
8.001833137104057414e-01,1.034755085566600563e+00
4.148349527591149721e-01,-6.764503037428067911e-01
2.502249147223556403e-02,-2.046382506415730940e-01
4.142115116110367534e-02,3.485527070009568629e-01
4.963116221890306878e-02,3.734166771385692973e-01
5.818807486770699589e-01,-3.748602675230237602e-01
7.566273897230803014e-01,1.785289846307835049e+00
3.559654440302439937e-02,4.605654781952228660e-01
5.785463912114409135e-01,-1.649673811141145197e-01
2.180126329974357846e-01,5.624500952789922570e-01
5.668413292237484136e-02,6.242791342634255169e-01
7.888210755440245858e-01,1.397853658831121448e+00
6.058628080736153665e-01,5.179991585649038610e-01
6.138778992230706777e-01,1.882793703307829858e-01
4.034654692809954701e-01,-8.955018238244917272e-01
2.358645361073864466e-01,3.130451648322835623e-01
2.027665545279899728e-02,-3.270870951765776358e-01
2.128823413453900804e-01,4.590909213423381985e-01
6.026213173711296722e-01,-5.998582832971890988e-02
8.016075622202205597e-01,1.526954309990133041e+00
4.858067018473744003e-02,5.427858219867240930e-01
6.162406891074181381e-01,5.114503833369428154e-01
6.276603475746068694e-01,4.066203230452928863e-01
7.924238395633598220e-01,1.749038131934744333e+00
9.285041984416165795e-01,9.190059026171688572e-01
9.547356812401228687e-01,7.160013736075090396e-01
5.586749939394816122e-01,7.696293009167384791e-02
8.366344596575769899e-02,5.672770114383585138e-01
7.781816599715329907e-03,-3.473620836207709506e-02
2.456840028143526533e-01,-3.164626002961237750e-01
4.078024093063487010e-01,-1.223191702720403340e+00
5.638320139031918199e-01,2.184452079779096445e-01
4.405477961632203732e-01,-6.941958785852768710e-01
6.342030232980016002e-01,7.779719220821260661e-01
3.992367205754245862e-01,-7.388069682050334430e-01
7.888531210678978445e-01,1.339867696835521205e+00
8.107068055588092514e-01,1.415355782628442860e+00
4.040691512868455071e-01,-1.170393024502868196e+00
1.963236663945370220e-01,5.668458132704179420e-01
4.808014983893416083e-02,5.179462885065145850e-01
6.057997631034403030e-01,2.309213758982257558e-01
1.124446467142348194e-02,-3.969953854383902192e-02
3.244115672283798268e-02,1.786313680224616007e-01
6.172899313809776523e-02,1.123974767647773904e-01
5.666783860474482459e-01,-6.185871976410556305e-02
3.889292309196135111e-02,8.204729859386090673e-01
5.587425985890867031e-01,-7.491550747429573942e-01
2.131216694886962637e-01,2.178262277358206378e-01
8.157156694268808961e-01,1.999216083706536251e+00
2.257022406340842835e-01,1.876589127499112275e-01
4.094061791823272456e-01,-1.063504903907789068e+00
3.782096360676345803e-01,-1.548533040492277024e+00
3.099278079285361365e-02,2.865742976113422325e-01
6.134525582183527614e-01,-7.251957918066279096e-02
8.003691372223730172e-01,1.876691239345892992e+00
4.322018945166233861e-01,-1.190829070758874675e+00
2.681277573206873877e-01,-1.942938301179842064e-01
7.849621023058279690e-01,1.170695946764391593e+00
3.991694071506663999e-01,-1.101698402269511545e+00
9.731336658732492317e-03,-3.600811107500997456e-03
9.606446817163848406e-01,2.419207902649614383e-01
5.745267544934639092e-01,2.182179600977228115e-02
4.273828426576079531e-01,-6.665740673795603755e-01
9.295882358036403614e-01,1.174386520365223285e+00
3.717695066709940654e-01,-8.479361739858473079e-01
4.943543795621674342e-02,2.555287438544520673e-01
7.329410035361860754e-02,-1.698312758667082367e-01
5.537120379489761657e-01,-1.320358815846391365e-01
3.770730355673004297e-01,-1.223870274961299520e+00
4.172101401552856803e-01,-5.719041865200634733e-01
9.815842522812496806e-01,-1.773333918529393927e-01
5.674571871852598370e-01,1.307530301320571353e-01
6.349909340535683233e-01,1.688446982043129430e-01
9.662645798435026689e-01,1.248226194745521989e+00
6.027398153288547888e-01,3.932094494813770380e-01
4.204864047417972150e-01,-1.123582547270445486e+00
9.440744507792883100e-01,4.756150750520714010e-01
4.191196437864113111e-01,-1.156460015445172740e+00
4.428797243725010047e-01,-8.888415941377553198e-01
2.575226404187150875e-01,-6.684258212960361156e-01
7.041741227874265263e-03,4.968259542165076592e-01
2.096463354567621451e-01,8.282758429923810228e-02
8.024982080913625193e-01,1.844809960800628312e+00
2.738662429595106751e-02,6.505994024338788151e-01
2.565847833399593769e-01,2.002119636314070306e-02
2.423083892241123527e-01,6.918949723532322182e-02
6.260632308616005393e-01,5.038181627118241135e-01
4.104470918419378389e-01,-7.233050568560847049e-01
4.072914565051855007e-01,-1.319105534308996797e+00
6.330433332523777157e-02,7.608797290125071111e-01
9.785397274058345030e-01,8.586630561024639618e-01
4.008843424335101213e-01,-8.021276076500946095e-01
5.852882330880511130e-01,9.206137271401437783e-01
5.714798580534231620e-01,-1.046162450477739099e-02
4.113888607205142822e-01,-1.193267005985860774e+00
3.810223327388376768e-01,-8.676962885911330137e-01
2.699546556970867650e-01,-5.253651215153851695e-01
3.865224832948588318e-02,1.290423820253363552e-01
7.522752937206373947e-01,8.461301077596753428e-01
4.166566357272389887e-01,-4.337963018723017261e-01
2.366636544366721440e-01,1.906562577668759750e-01
6.002868980702330548e-01,6.758494835416253843e-02
3.836804177129997662e-01,-9.558625363907646832e-01
9.657787155472240537e-01,1.191000420628778533e+00
8.074062840628317694e-01,1.558185551262909030e+00
5.741812236511140144e-01,-2.499699538448255376e-01
9.994581611147745903e-03,-2.905456190269999905e-01
2.389788563616462858e-01,-5.566870067070711636e-01
5.609261101044794584e-01,-1.017808249601579451e-01
3.779883109048983725e-01,-1.266638896710039708e+00
9.398926783605761059e-01,1.716136604079563366e+00
4.077016629977180395e-01,-3.109384590028816397e-01
4.379026056397158362e-01,-7.976745738536881181e-01
6.078630777308140498e-01,-1.615886744661368668e-01
3.885021444454700434e-01,-4.209451082409482736e-01
6.452810426456777604e-01,5.398187998220373984e-01
5.392497103514315437e-02,9.392504247495944703e-02
1.524672680164418370e-02,3.160519887696204289e-01
7.913205625003447707e-01,1.716976733724721926e+00
2.072529986649569445e-01,-2.347765933696196461e-01
2.638802938143072208e-01,6.386928344884956754e-02
5.935875225647999631e-01,-4.223736747805909714e-02
3.830366730744346748e-01,-8.179566223386901536e-01
6.148172825716443635e-01,-3.542534406727178009e-01
9.802757620058888399e-01,9.343043812480192889e-01
9.993117265345243805e-01,6.240149926965727900e-01
6.411915492573749820e-01,-4.291534250360834468e-01
2.464326706293494818e-01,2.845721208028417770e-01
5.551708162046802286e-01,-2.600730585712624499e-01
7.561209636794274935e-02,5.927259473621430130e-01
6.257047957061121490e-01,1.201774531689788483e-01
3.714941539141931592e-01,-6.789134937679049964e-01
7.092699368778077051e-02,6.684532571883801122e-01
9.918330025306512088e-01,5.197960909614266489e-01
5.606551397995990227e-01,-3.241196642492207847e-01
4.291382182721926730e-01,-2.028881998912768769e-01
2.348383433059357817e-01,-3.105831148531755237e-01
9.243898134508324871e-01,1.073511922206402236e+00
9.212551428582329560e-01,1.008857203496599908e+00
3.753607270016572350e-01,-1.198773303371232446e+00
3.800926796161403498e-01,-1.120928081281531430e+00
4.321448389136245405e-01,-5.138549224963411266e-01
2.407640551052858680e-02,8.565239663777514112e-01
2.475778590393735712e-01,-2.586409671397800758e-01
2.553288679104528391e-01,-4.238960881691257176e-01
9.978364766761419480e-01,3.275872751757532564e-01
6.316008275367038793e-01,4.575619844401278558e-01
2.195503708376170815e-01,-3.079176871935347393e-01
4.295681673747951956e-01,-8.282573412539220303e-01
2.085762775848309936e-02,-1.533646795885398872e-02
9.448425635793026300e-01,1.377827627166254620e+00
7.638207390279385667e-01,6.951493697623869483e-01
4.932623534916069641e-02,8.332288122606413064e-03
1.994091074219640491e-01,-6.259498554751373456e-02
8.939222154420123356e-02,1.884270737645885596e-01
3.959462535177044051e-01,-9.801993980280320207e-01
2.464394277567072411e-02,7.804512105226153462e-01
5.857305990008069285e-01,1.325823047685698308e-01
6.420997426168019162e-01,2.914564693279897978e-01
5.453426569448638350e-02,-6.081442980907819651e-01
2.081806491584963226e-01,5.620974013652142443e-01
8.166842848034336910e-01,1.543426955180815519e+00
2.137397664049328627e-01,9.782647238198628747e-02
6.404050447388464073e-01,4.475485135206347942e-01
2.451716724479880982e-01,1.340484834347616672e-01
6.250383502660604718e-01,5.975819992360322797e-01
2.604799603693287446e-01,-6.143921542605043085e-01
6.359498103700159666e-01,1.162202572148872681e-01
7.769186908838460193e-01,1.561297545614793947e+00
6.243427406883628183e-01,7.542788049494316693e-01
6.078820353640339569e-01,3.066597834333990025e-01
9.556651581148356556e-01,1.585227924312102799e+00
4.447444936367531687e-01,-6.108440930931409163e-01
6.406839194488226363e-01,4.850683619085142118e-01
7.872847026430818129e-01,1.818647714419478145e+00
3.886984894491637421e-01,-1.575794605664219805e+00
4.484100470006364691e-01,-8.055758238152056494e-01
4.160835173392425368e-01,-7.582060015940272901e-01
5.834408114839024773e-01,-1.337453112009572842e-01
1.992410880057332578e-01,5.575338423052152992e-01
4.210660232772842626e-01,-8.002782614545101980e-01
7.713391761235272037e-01,1.412519718635897537e+00
7.672039256438695221e-01,1.403601284214241351e+00
5.624500448626468252e-01,-7.694874830395501131e-02
6.010456912538474361e-01,5.278082755428954442e-01
6.200930669620825508e-01,1.926886617885518668e-02
4.103511350219113396e-01,-7.958837856113555320e-01
3.791080634380421532e-01,-1.117685354956847510e+00
3.884298192169474140e-01,-1.059185814263952752e+00
2.541893693145744759e-01,-2.288109866564802530e-01
9.406273035221000001e-01,1.099712553489098799e+00
5.713563681455464671e-01,-2.091936981301656118e-01
9.538466167446265631e-01,9.095401927147842569e-01
2.469700675374523202e-01,5.373773118392738413e-02
7.798773742839906209e-01,1.607368809484651662e+00
3.865061110167707925e-01,-7.252723715367255242e-01
9.855237513107371061e-01,3.406073908081544421e-01
7.815201482991895876e-01,1.055795561185578713e+00
5.397214253979631948e-02,8.923299910953631786e-02
2.513683682299766575e-01,1.381326486293538713e-01
4.115398254112538901e-01,-6.867338120724617578e-01
9.906091266464100986e-01,1.157733031149061675e+00
6.997410352874045003e-02,3.328239743116682692e-01
3.849803398542253063e-01,-6.676836702974687787e-01
8.014487952698212681e-01,1.535761741803707059e+00
2.669964844201552223e-01,-3.822240963365622357e-01
2.515642025382046620e-01,-5.749561612440123870e-01
1.105528411916123499e-02,3.119828560327977951e-01
9.275115848226707094e-01,9.725385533136778893e-01
7.726892962574017920e-01,8.429294890904056592e-01
9.442395528985745301e-01,1.183140196037397951e+00
7.508940114315737491e-01,1.598647735165421802e+00
8.033460893735192565e-01,1.354934749052949527e+00
2.282156060644050521e-01,7.955223092275523489e-02
6.424201059619181198e-01,3.237834272674302571e-01
4.301386146799072163e-01,-8.972283595292672720e-01
7.558495893086447648e-01,1.534171864859927847e+00
1.937692943283031433e-02,5.729921599065793680e-01
4.345254444345444389e-01,-9.536172608743909151e-01
2.468230418229436784e-01,5.709736883661026274e-01
6.320887558515422278e-01,3.668961704192930107e-02
7.956924825862540240e-01,1.958589323156880280e+00
1.928250325751152960e-01,4.006541600247413570e-01
2.250435446032311715e-01,-1.724699758440587094e-01
6.426003703818622403e-01,4.878303409049274814e-02
7.511985708988122568e-02,4.345915894386747080e-01
7.957104858105908951e-01,1.492892557935968423e+00
2.620407709075245339e-01,-2.162471431921593190e-01
1.920961357942069236e-01,8.854275962594131133e-02
6.277080624070647819e-01,4.075011231254810906e-01
2.798056958697237029e-02,4.633133855232230425e-01
4.070546584792900102e-02,2.667816802463667814e-01
6.341768852496896258e-01,8.810155359195744051e-02
2.595371415507558011e-01,-2.367729784753321021e-01
8.068105479925757884e-01,1.265816106818737907e+00
2.606770614809730269e-01,-4.938219926314295627e-01
9.866089486976170608e-01,6.310945390861133486e-01
4.299071374268329526e-01,-3.475025927510561052e-01
3.932288286449836523e-02,3.379004464589895340e-01
4.149250122475811597e-01,-5.884043719472470402e-01
4.270224288839663540e-02,6.469343841388804917e-01
7.719623287552591639e-01,1.201207822061361785e+00
3.310596359805839661e-02,-8.519930478185502865e-02
9.283343352830207840e-01,1.308385166229148577e+00
9.709767354391301009e-01,7.226885590921042768e-01
3.763366935265932689e-01,-4.018146344193853636e-01
6.446318290502724979e-01,6.428575609255988699e-01
6.179649353073208840e-01,3.458463747563937374e-01
4.005932809924923621e-01,-9.768328294634632813e-01
6.453763696995242771e-01,5.177864511886186571e-01
2.439658373299651295e-01,-3.369825318781487500e-01
9.368667782266009159e-01,9.692424773098818891e-01
8.127214182417736854e-01,1.090270935725223378e+00
1.659354004813429206e-03,2.043513449861086573e-01
5.867939982995317161e-01,1.286033811839835950e-01
7.666705520504303317e-01,1.623897650153136363e+00
2.554052834840746522e-01,-6.578155371177151212e-01
2.679381586076098332e-01,-7.604414999064607050e-01
9.710932267606925405e-01,1.195070035354973470e+00
4.000166305857977278e-01,-1.193088760108648616e+00
9.946017030717730911e-01,5.073738580787535701e-01
4.233778315180214413e-02,2.360587940534782103e-01
9.383682059811059295e-01,8.219599948816291857e-01
7.933954087252719223e-01,1.899353630435381080e+00
4.203398995050807718e-01,-6.600952356098316320e-01
4.473825610141746179e-01,-9.511695258519309304e-01
9.433930864425208451e-01,9.592719825907738418e-01
6.027673345606712196e-01,1.819733663985722838e-01
7.720828818539597904e-01,1.643241032870403684e+00
4.118351807567930400e-01,-4.900183862379003386e-01
2.075079236947044992e-01,2.194403749307973980e-02
9.364280120620985803e-01,9.203344756178465369e-01
8.113741665067659703e-01,1.177682059944535009e+00
7.825417201812243650e-01,1.197478015552640107e+00
5.587084183575816709e-01,-2.460889967501463105e-02
5.599632532543407093e-01,2.709648334572920536e-01
9.563568748645279172e-03,1.883613610268853322e-01
6.400686338444887546e-01,7.804566315660409481e-01
4.266060332044776526e-01,-9.168026920950458347e-01
4.348747760834006382e-01,-1.232620519437093165e+00
2.419804708921748926e-01,6.778872609780166314e-02
6.401927168602302709e-01,-2.594074828849031733e-01
5.740109889546014532e-01,6.555866784562176808e-02
5.802868820055717691e-02,7.235157856350430405e-01
7.283062594689959646e-02,4.809630471174042854e-01
2.428481661299264349e-02,5.870171670139610054e-01
2.748589140158053112e-02,2.893423764427011657e-01
6.395395723475648664e-01,1.321207891564917837e-02
6.196719312618151898e-01,7.106951073643826833e-01
2.047678677891068277e-01,8.332272871953376736e-01
2.022400784239009042e-01,7.972344805692417602e-02
2.148048472736747705e-01,4.380424496398454548e-01
9.651267770932743240e-01,9.770405410557565506e-01
3.815530640740609769e-01,-1.297623758725737542e+00
1.078670163067718679e-02,-2.791294877169286925e-01
9.778608304518370264e-01,9.505953163125807626e-01
5.695758372187071927e-01,-3.979942011346439545e-01
5.778466193849981503e-01,6.559075786636878735e-01
3.825718261116469732e-01,-7.291928702056125200e-01
3.814287625288792505e-01,-7.765389151282000579e-01
3.817676406833829805e-01,-9.756849837725484198e-01
4.110552558456316286e-01,-6.548373642791235349e-01
4.076496935057929427e-01,-1.286028057315715456e+00
5.720276500477212700e-01,-3.175789828108089852e-01
9.886322168623954409e-01,1.132909924642687916e+00
3.871869795264669678e-01,-1.016541068496042532e+00
4.351596267452045863e-01,-1.230519716890174697e+00
2.673626897180102491e-01,-6.285596474466403905e-02
5.977837672137759073e-01,1.603450801871756926e-01
2.019373886920672323e-02,3.181515094542991529e-01
2.912136189780334394e-02,-2.113471008257053127e-02
9.510676062361350658e-01,1.122608639928526664e+00
4.105413211677909624e-01,-9.506750793288348822e-01
9.769555853921401134e-01,9.784002988640202458e-01
3.911525972392685402e-01,-1.246976234788015336e+00
5.823126921365920916e-01,-1.146229750394057584e-01
9.965093356734956442e-01,2.715464423920045389e-01
7.749332571340867837e-01,1.612116938816582135e+00
4.219217264195047612e-01,-7.332622468289676787e-01
9.922310616028842123e-01,5.847401207561366832e-01
3.899992569365986483e-01,-1.152763494377891496e+00
5.643270641394101395e-01,-1.587861903842728850e-01
4.371910557158119603e-01,-1.401192856124302555e+00
9.615623294649930930e-01,8.872600176099731950e-01
4.306240957957501170e-01,-5.042192796152595857e-01
9.582048721384706091e-01,6.918530793705344184e-01
2.393476071533544580e-01,3.248796202932141552e-02
3.940307274876293508e-01,-9.394492774938032476e-01
8.896644025528521738e-02,2.697243394353556201e-01
9.472491982759922990e-01,6.744766106341539835e-01
3.877037780757708330e-01,-1.150397032110915818e+00
2.780596541564450686e-02,2.308194913506539381e-01
2.356991995626200875e-02,-2.920961777118843417e-01
5.413974379727570785e-03,4.345754312951080611e-01
6.394284126096781984e-01,7.763616988451138567e-02
7.604744498653844831e-01,1.084609509253530835e+00
4.103074381660570813e-01,-6.544650662599429403e-01
9.766755404101262750e-01,6.850013549441841265e-01
4.146821829885684041e-01,-9.192549591715737378e-01
4.266503958747785985e-01,-6.214194072685738091e-01
6.289397711643006650e-01,8.876560482875309743e-01
3.544949876120662147e-02,3.053988550818307335e-01
2.045905239124050645e-01,2.965947212039038439e-01
7.628234435994841744e-01,9.827027066742649586e-01
9.489075490036418259e-01,8.671072704774711593e-01
9.617273658963905181e-01,1.324146869299689833e+00
4.218577308500421896e-01,-7.322193634358622472e-01
9.674830842038654177e-01,6.845160939565819724e-01
4.303381198384138573e-01,-9.200825277403427149e-01
5.560015481137717819e-01,-5.741336636094436230e-01
4.443063606708864688e-01,-1.087309535441554953e+00
8.771631183837369505e-02,6.235550404824219406e-01
4.191524581132924920e-01,-7.610295640265041239e-01
2.209673419848093845e-01,-3.532410573184120717e-02
7.547533201264345903e-01,1.056486196285649326e+00
5.588066806361591254e-01,-4.465400634184099604e-01
3.417561513855560396e-02,5.969826648946422454e-01
7.506248768443487540e-01,1.518599729840725221e+00
4.440898967237577599e-01,-1.173449755500856728e+00
9.977043620330515727e-01,1.218341115476986314e+00
5.712618987224674649e-01,-4.682672473758766052e-01
5.858684590331226794e-01,-2.336349138822666760e-01
7.808074307496825073e-01,1.798215510815308393e+00
5.772234620018823481e-01,-2.701146291471904215e-01
4.413098991995133558e-01,-7.790550253966129768e-01
2.632165711286915677e-02,2.186740444430076702e-01
5.700259097385633744e-01,-4.648628265379584068e-01
2.417952468564100732e-01,-3.340614800074394597e-01
4.222596740567126083e-01,-1.165512345947607109e+00
8.470782450717706524e-02,3.849312784789536424e-01
4.039632052194649381e-01,-8.315153063855751370e-01
4.420882049151861892e-01,-1.001980725636437919e+00
2.508048658413319920e-02,9.291785096814133560e-01
7.798607459858526436e-01,1.394707876326417351e+00
2.453743969822508308e-01,1.268385642506534017e-01
3.330214943791776072e-02,9.135470191452621513e-02
5.815058500669020303e-01,-2.503391693460151335e-01
4.410718244754761042e-01,-1.083784039369175112e+00
4.159998862098356343e-01,-5.960764357690344628e-01
8.038724344182727188e-01,1.367842414033443088e+00
5.805163455733983735e-01,4.521997775682234377e-01
8.047820393452951304e-01,1.954863942667654397e+00
6.427002255762060967e-01,1.078780211308083548e+00
9.973721252221988687e-01,6.558149970906177462e-01
3.866193225649574572e-01,-8.975125988210941319e-01
5.923569776617887417e-01,2.736578733036089117e-01
9.540704217010054222e-01,1.053862272837445602e+00
8.359039884417074351e-02,8.447337702582286001e-01
1.947067411079861365e-02,3.259229709797632490e-01
7.518170992884712911e-01,1.273122290068746665e+00
7.751204436116893026e-01,1.443814053401317299e+00
4.203616344266853933e-01,-5.726285720920041289e-01
2.051747187627377400e-01,-3.291158163521012425e-01
7.739090894033893164e-01,1.782524445777869948e+00
7.950652807752077722e-01,9.590423235603381391e-01
6.486032889518265065e-01,6.924327834093633172e-01
5.923873974567080980e-01,-2.866603312579790175e-01
9.869988774644022911e-01,7.737610954603131308e-01
6.261573813270349120e-02,2.859177844766282173e-02
8.640399721946523393e-03,5.171600772414581826e-01
4.327283064044070704e-01,-5.611813792750515173e-01
4.705651718042747067e-02,3.735581627305544772e-01
5.502781985841522783e-01,-2.739803276520301201e-01
4.415437953201706289e-02,4.867374674154176240e-01
3.722120988562733768e-01,-2.446973594794087936e-01
8.323807550374251463e-02,6.310297257584970287e-01
9.926763435478677122e-01,4.999414704912120144e-01
4.315553624745211980e-01,-7.269813954369254150e-01
5.318898618953793456e-02,1.608277960422836994e-01
9.588346721991605204e-01,1.498960962193429891e+00
5.505661125786766030e-01,-6.747632799442497831e-01
7.935007058866523355e-01,1.336080538936456064e+00
5.519366122784218343e-01,-5.013246345345763189e-01
1.815380753559237004e-02,8.605502518888387409e-02
8.847909416436550156e-02,5.243708503458242853e-02
8.183645760968046856e-01,1.401166144432096194e+00
7.928409741257737009e-01,1.932607816352573060e+00
9.400822216153827959e-01,6.866322877439046124e-01
2.654591487029586139e-01,-5.464155421525263012e-01
9.376517099737831096e-01,1.489370356569481357e+00
4.094351217147638167e-01,-8.473453955666622184e-01
9.670297109867298513e-01,8.970524962324425422e-01
6.909449603725037470e-02,1.873880909824743035e-01
3.869828731105977582e-01,-1.572494641630945322e+00
5.935127590386355401e-01,2.837668636282510426e-01
1.120850831407782522e-02,-1.132844994627359991e-01
6.307686392368895278e-01,4.181659746679703415e-01
9.714274442725755465e-01,1.178778518451431001e+00
4.144307274505580896e-01,-1.146449586279929544e+00
5.615217841887536476e-01,9.949215008535976235e-02
2.597456153364999798e-01,-4.222839496517808988e-01
9.542868578523612255e-01,1.329088985898236874e+00
8.260138246913650839e-02,9.983282125157824094e-01
5.508196030789869191e-01,-6.962128973295330647e-01
2.174510790447916619e-01,2.031985650919964081e-01
6.976140581067613589e-02,6.117555652631321284e-01
5.635837327604723557e-01,1.838858277183842149e-01
9.236657437784281388e-01,1.128278787356251645e+00
6.758423485202680325e-02,8.986991272539114339e-01
9.862696290678715227e-01,8.806522715285121095e-01
2.330738484174300629e-01,2.669583087890839979e-01
7.778124446177480111e-01,1.945740459938783307e+00
2.633297806294681020e-01,1.547158112698422405e-01
6.084544598604499921e-01,2.494062142784690683e-02
4.090096150455154733e-01,-5.855093753401637846e-01
6.375169445747914665e-01,3.019001774880684663e-01
2.573166834278245441e-01,-2.219066879543175885e-01
7.907490138032914340e-01,1.609806201453672037e+00
2.120600108111551085e-01,3.713074170129750939e-01
2.367238353922851424e-02,-8.712749776752952424e-02
9.686841274709168115e-01,8.618787029020585910e-01
4.031816558154137642e-01,-5.841138509553757130e-01
1.328295770154364064e-03,2.194532702934012258e-01
6.145252798157261331e-01,-4.348102687076432216e-01
5.774739602478404787e-01,-2.166475968389498241e-01
6.752385038597219502e-02,4.710568074578609932e-01
8.873371087368153720e-02,7.920605547476791131e-01
5.738345639814651511e-01,-6.949202940048468391e-02
9.738439557277046577e-01,8.657860511893682443e-01
3.813239929024446750e-01,-1.040741985195116515e+00
9.773982973732511237e-01,5.306088321301704047e-01
4.429695500899500926e-01,-4.604773696531243021e-01
5.560108507208050277e-01,-4.747087147833509158e-01
5.844367045061175103e-01,2.433248987136210628e-01
5.912200722573585088e-01,2.228554183842487990e-01
9.723660722029148218e-01,8.347347578759317654e-01
9.491413916931783490e-01,1.358465339072337352e+00
8.059459811707440080e-01,1.602285984369010041e+00
2.001897284001133981e-01,6.484811165754742479e-01
5.508171508712057518e-01,-5.985445165947457236e-01
5.529176063113439010e-01,-4.197014267655114206e-01
5.765889469754901242e-01,6.059010815666960453e-02
4.488494739209092366e-03,5.945649604651721543e-01
3.726951420216018107e-01,-6.471967556199786920e-01
8.009259143577185380e-01,1.999166100651277089e+00
9.815646299516112006e-01,1.484766778212170291e+00
9.410859832656564006e-01,1.022584334648931170e+00
2.495309567825459984e-01,-1.405294322393866591e-01
9.305292093344568194e-01,9.578570820849241496e-01
6.079133470222927160e-01,1.874050191843843194e-01
7.737247491906433794e-01,1.699966298768008421e+00
9.300590991524072537e-01,8.720820396929959140e-01
2.125938790848858062e-01,1.286160430011191319e-02
7.132930693964201208e-02,1.129434901569766891e+00
2.112992199397696336e-01,1.586884979434883269e-01
4.235668716763867359e-01,-5.177871428324755110e-01
7.924161822279329748e-02,5.370791000632048062e-01
8.096582394633359270e-01,1.420992904677137902e+00
7.812788596650939166e-01,1.695434911651559462e+00
8.133073881919545833e-01,1.800620138059304542e+00
7.735311238238034015e-01,1.439558256455049090e+00
6.295563358969780143e-01,4.709499089281158901e-01
9.775497669296673298e-01,4.551728605902682911e-01
6.158008868076247921e-01,-1.975502140868785617e-01
4.465174385018760850e-01,-1.218662882504945255e+00
9.770807820403224486e-01,1.126658087211237280e+00
4.314699130295172047e-01,-9.525808136991784636e-01
2.291588470854551973e-01,9.347088311697852869e-02
6.301100152945089405e-01,5.185170503806494358e-01
7.773500574161293919e-01,1.391125397250148943e+00
9.364719740886480182e-01,6.755550064115379838e-01
8.135064676495018521e-01,1.559437288889637729e+00
9.589002257133911744e-01,1.149175531513329407e+00
1.781924504887144600e-02,5.996044959259864138e-01
7.931368720188994859e-01,1.736801265007906325e+00
1.908329092526602766e-01,-2.449964606970028713e-01
2.436595808647501471e-01,-5.536837765389241994e-01
6.017731500659448951e-01,4.272159272480439279e-02
2.457877366957442744e-01,-2.547733026407800194e-01
2.377026452447854599e-01,2.509562313315945314e-02
3.990083989111518070e-01,-8.335778734398121559e-01
5.572487586981478280e-01,-1.684767243672202763e-01
7.976555142923161812e-01,1.283644819903023704e+00
3.584308865829921587e-02,9.851133460444964907e-02
2.413656737014211462e-01,-2.156340369592444350e-01
9.213667394798027432e-01,1.370686121549476333e+00
9.878472571604999253e-01,1.206518681279105554e+00
9.486506665845549913e-01,5.346718500893052894e-01
6.174114672680822702e-01,5.227155285615090463e-01
2.691552196064734837e-01,-9.855855399815101336e-02
9.622835497937463067e-01,8.280684209812660956e-01
5.784547957902724802e-01,7.436198386233520974e-02
9.720377434601457090e-01,9.421311105851971623e-01
2.530543054920751933e-01,2.376775966440970445e-01
6.226593146717820382e-01,1.749485367002686087e-01
9.365457134945117668e-01,1.108548941257885723e+00
9.797332135584163604e-01,9.072712952496785332e-01
2.035997425409032946e-01,-1.467860125367242280e-02
4.279977865165349726e-01,-7.363735853988595537e-01
1.941157864128069122e-01,3.134016765233254564e-01
5.699160622666304965e-01,-3.927374649541292423e-02
4.113760238601016361e-02,3.873709120848532750e-02
8.967485476340142370e-02,5.582836728142352989e-01
6.253898040970840011e-02,6.174019348969927989e-01
4.356642428008383749e-02,2.778306022128603781e-01
4.271436400010303336e-01,-7.411634170453081927e-01
2.973962174397282165e-02,1.431859436948814887e-02
7.691799159378764905e-01,1.360842166235150641e+00
8.153770927341360553e-01,1.704810821540091892e+00
9.996414379877132106e-01,2.325263189688786258e-01
5.771241509663254110e-01,7.670421555473128615e-03
4.211184653005364265e-01,-2.236925662869936604e-01
7.853346977204189727e-02,9.089159020921963039e-01
3.854173548312471720e-01,-5.112175492128198107e-01
6.295909693739181190e-01,3.183609928671334854e-01
8.065408573391544822e-01,2.054399467556965231e+00
3.735014084268244439e-01,-3.551034685483472342e-01
7.991752223209239725e-01,1.867961411987733911e+00
2.740414959881531942e-03,2.434845299002769137e-01
9.419935534440342373e-01,1.246821831867947372e+00
5.882001539457011319e-01,-5.315596676573034474e-01
5.862868997048180653e-01,3.835786708452056798e-02
6.057379719121945838e-01,4.276329056871576717e-01
8.156646330259903488e-01,1.224797450823078782e+00
5.988272724443164385e-01,3.393140016568672590e-01
4.103146763978371414e-02,6.241742291161063438e-02
2.039438506467078360e-01,4.090304026597155196e-02
2.356248700246819094e-01,1.365383993213644953e-01
9.220958459256264339e-01,1.675159266055020968e+00
9.498757713028262994e-01,1.370320540763837691e+00
2.590007041165846013e-01,-3.547246906518743415e-01
4.107115455234173762e-01,-7.958272467508826775e-01
3.900768721623468771e-01,-7.175467192780382586e-01
4.597937583630029579e-02,7.022502897682129097e-01
9.672526340020051183e-01,2.817629311220655741e-01
6.062803125782045832e-02,2.651999883958800625e-02
9.226188722183598090e-01,1.012674064844898636e+00
2.611678520289334449e-01,-8.494500324808991476e-02
7.723003538279236135e-01,1.151304278158248096e+00
2.125212951974569942e-01,4.561725125522451130e-01
9.572289076628557325e-01,3.917417609548838331e-01
5.801718413784479056e-01,-6.812080684177052037e-01
5.756281808784569076e-01,1.120309036957950338e-01
2.353895286497276196e-01,3.809450452455432901e-01
2.404845605478945769e-01,-6.775740005215380446e-01
2.458859802803761152e-01,-7.962384398588638612e-02
3.329676201752262976e-02,2.886884511145990651e-01
4.361849952150260723e-01,-6.289204362492043510e-01
4.479220980765320492e-01,-7.828435617825819648e-01
6.436914525190953196e-01,2.634499438664639759e-01
4.487714940038338707e-01,-6.477463670485896774e-01
7.574805427128793456e-01,1.430595538938329359e+00
2.055339998770512322e-01,1.423593670858771809e-01
2.599731496650175000e-01,-2.797489712549824370e-01
2.308245074502337513e-01,6.698443903311275260e-01
3.434064757659882616e-02,7.019835683024061579e-02
2.493165752652504175e-01,-2.200267486971098641e-01
5.783536084969712610e-01,9.225904452270376754e-02
6.156790865039784011e-01,-2.549696132634621248e-01
1.615077452572954986e-02,2.303138566835059020e-01
5.752201337907536516e-02,6.490688179703689720e-01
2.221344482428253553e-01,5.081747498982254196e-01
4.384358441185443045e-01,-1.017662694420050196e+00
7.764026681134883479e-01,1.458118733041017467e+00
4.947688000724659307e-02,4.491163406627281529e-01
4.195136997449960825e-01,-9.733292577765900733e-01
9.515338896194945884e-01,7.136323487249701669e-01
5.691483994841572969e-02,3.538254611590586629e-01
2.065278393679029767e-01,5.774588347392337617e-01
3.844833887620641155e-01,-1.025739786238355045e+00
2.440245822272331111e-01,-3.000491553581194348e-01
9.501855364483465793e-01,8.232853659861177897e-01
6.417370727366478178e-03,1.725365030939007838e-01
2.278502152281031146e-01,-6.747118115057658405e-02
7.537405772086277489e-01,1.717356466700977746e+00
3.802307247287735059e-01,-1.029369710069051091e+00
5.521061777524843839e-01,-5.942604702204453693e-01
4.226348034998879122e-01,-9.933819599809642353e-01
2.455972624055066111e-01,-1.953896125254327154e-01
7.941555310093789677e-01,1.935936973416521045e+00
2.696248005099233236e-01,1.165453483305105981e-01
6.264397402821005878e-01,1.925788224009216953e-01
9.378755606250217536e-01,1.481264145076479632e+00
3.917732008173246960e-03,-4.143185136255063128e-01
7.522014935273028113e-01,1.357878582286878633e+00
2.593859054264943120e-01,1.598927611118036995e-01
2.077915722591976433e-01,1.226751897602007361e-02
1.937936253765984995e-01,7.419198617292415143e-01
7.622530235352348305e-01,1.332511292122529278e+00
6.188526711785160561e-01,3.261936946341180144e-01
3.811894220006348810e-01,-7.578505950812828296e-01
1.339896485487501732e-02,-2.780481207797671495e-01
8.180582737969499529e-01,1.325166166786847066e+00
4.006159148181657192e-01,-2.100207021397506313e-01
5.963843808701854154e-01,1.779038934627655000e-01
7.805172434969844808e-01,1.396718396018730379e+00
1.963350235258964904e-02,6.498684828025816929e-01
4.276478477510348153e-01,-1.234083517616343384e+00
3.949734112932480334e-01,-1.021226201936431099e+00
2.402663120647763328e-02,2.661844086773971774e-01
2.677958671977077598e-01,-4.312805352928442137e-01
4.032248855319848779e-01,-1.111833941999543773e+00
3.942765187259331672e-01,-5.631753097373691785e-01
9.251022449568281347e-01,1.315232349099621389e+00
7.807878664446393779e-01,1.448461438264672996e+00
8.136193838384417898e-01,1.075407909446855603e+00
4.719723281062215836e-02,3.106481635864877244e-01
5.520290921461968869e-01,-1.059382000646555133e-01
3.981789750383091242e-02,-1.230360636847748490e-01
5.791891941462606885e-01,-7.301526702159856497e-02
3.895211219082008736e-01,-4.114474543766689640e-01
4.429306027840722582e-01,-6.040030797151413333e-01
2.616505083193328973e-01,-3.377160210868160317e-01
2.603307189548921263e-01,7.359027683575898593e-02
8.194810057053647512e-02,3.014674113332862504e-01
2.456331643610822901e-01,-2.155244206848611066e-01
7.743882745360188835e-01,1.802296087164071858e+00
2.257995868850206644e-01,-5.420935479447357846e-02
3.822555576974384639e-02,-4.268129005348051397e-01
9.703849281580549935e-01,7.405556756748126190e-01
9.497305160946791780e-01,1.282848627325449575e+00
8.098827996094233317e-01,1.533133844598758788e+00
6.420498147951319012e-01,3.806908336322427644e-01
2.249056849328205931e-01,4.947500931660383898e-03
2.188848989385205890e-02,2.107193761507387963e-01
4.249426129244019412e-01,-1.040205152155128321e+00
2.348933260954300106e-02,3.490447471649832378e-01
1.908806084059374575e-01,6.300500543733306147e-01
8.144666678681039551e-01,1.292031066697030273e+00
6.028841475323648558e-01,-9.866364811192325501e-02
2.031605559636540104e-02,2.704125021325358147e-01
4.408325851499743653e-01,-1.093154885667710907e+00
9.258175072493510793e-01,1.545004922657400526e+00
8.375465806167936567e-02,2.332752145909895714e-02
6.436457009453250278e-01,3.088559182420108074e-01
2.589374204590233486e-02,7.265741998285820680e-01
6.074151932605574844e-01,9.594662952719910931e-02
6.424902350264016793e-01,2.658328091284359873e-01
2.311304211745266457e-01,-2.887944516229498659e-02
1.971870593991980058e-01,3.671338925485156945e-01
5.793846991108209110e-01,-2.747433898795752574e-02
7.750020795429812814e-02,7.242944131479883696e-01
2.102439964251178184e-01,-2.696081569070056250e-01
9.787189852587739880e-01,1.239447421369010538e+00
9.665386060722584993e-01,9.417287237305976833e-01
8.165807420609152434e-01,1.368570654849607715e+00
2.187133227689408432e-01,-4.327991607047088074e-01
2.485734732247957268e-01,-7.565483059281946643e-01
2.228534809503616154e-01,-2.301960664502362697e-01
3.749918647639504110e-01,-3.085419689036395519e-01
5.824774378372066241e-02,8.355009282054300934e-01
2.206886034811843533e-01,5.863752835261045737e-01
2.219896307687498904e-01,-1.926446080786565207e-01
8.319054226887101500e-02,2.727541259364226200e-01
8.141922191287066513e-01,1.744607772962170289e+00
6.440773992744419640e-02,5.374414882527527304e-01
6.000068960974883625e-01,-2.940620294408873847e-01
6.324578267369818096e-01,-1.136401411076538165e-01
9.942848962449292172e-01,6.860630480049224600e-01
8.145280586016500068e-01,1.207307953440231341e+00
6.110313241151285046e-01,1.436222015765650506e-01
4.238768463367256212e-01,-9.624579036361956552e-01
9.930821021670047655e-01,7.495072141513944297e-01
4.557764814565423706e-02,1.020310041841756998e+00
6.713392108367999267e-02,4.041351841315007909e-01
5.924302833982312277e-01,-3.083458396673336432e-01
7.563044769953756186e-01,1.377293881351976168e+00
4.073016136733771386e-01,-7.576102267697280013e-01
4.103175742307162421e-01,-1.002720789265983514e+00
5.041657662782883520e-02,2.424979231641990196e-01
6.457757430469944770e-01,2.180078254151197048e-01
9.946233831929597313e-01,1.855006835533321019e-01
6.469865923238442562e-01,7.649832330593130392e-01
4.721651702939366757e-02,1.654510482841250185e-01
6.493566110352514409e-01,5.234700833197105663e-01
4.456516681351988529e-01,-4.614489803809357360e-01
8.112144344017124808e-02,8.061692081777788177e-01
2.336154492141877537e-01,-2.181535588077384291e-01
7.506711514245484329e-01,9.195333627605529747e-01
9.971185577916384934e-01,2.678068088937879745e-02
9.991508732332859966e-01,7.418491651648071450e-01
2.201416069660498964e-01,-3.328005554605522609e-01
6.251518877748366565e-01,4.909798968397505736e-01
7.916245464929987374e-01,1.783032046274741989e+00
7.729627786326190853e-01,2.060198710363107644e+00
2.101228265140417939e-01,3.755048439549464323e-01
5.752902819645937527e-01,3.513800003286247642e-01
7.562073104013999902e-02,1.775088570214269912e-01
6.166161104038617724e-01,6.297569933631050887e-01
7.377545392734019547e-02,1.030515660611005524e+00
5.965560331424188956e-01,1.403781354415623017e-01
8.288035858637032849e-02,9.587345506514507454e-01
5.568353196269495431e-01,-5.394166199093340941e-01
8.025003920188693574e-01,1.487311588446385446e+00
6.436600695110017423e-01,1.246153803271043276e-01
5.593846497373421434e-01,-5.870358329498881478e-01
8.118016343275951119e-01,1.258793816762671547e+00
2.267407873241347183e-01,-8.755407086242794623e-02
3.996673525993561515e-01,-1.173189059807467238e+00
6.391681262170033628e-01,9.423342390254398904e-01
9.541234417551687219e-01,1.096576657038671687e+00
1.996667071345108457e-01,7.991000771163956351e-01
5.876499347951174013e-01,-7.901362440280347565e-02
5.573766275364718803e-01,-3.775253749737902953e-01
1.300515716997296956e-03,-2.202261011649482569e-01
8.455870786482289070e-02,-1.088303090558637165e-01
5.036555970212031053e-02,6.829876812872537339e-01
1.000354676803549836e-02,4.490272014785247623e-01
4.445306395664276877e-01,-6.392524984738467975e-01
3.938085425248594174e-01,-1.242952507570795007e+00
5.813169887987347240e-01,-6.441558144574295319e-01
4.390474819095556702e-01,-7.803815950411940872e-01
7.728894513349164885e-01,1.460790276039797275e+00
2.562645350813865797e-01,1.875193718989823666e-03
6.884890158745482491e-02,3.891438754952699641e-01
4.415267523278628703e-01,-8.547180833835177349e-01
2.472426330988226617e-01,2.193683029473791901e-01
4.404629338143178918e-01,-9.349780915759938749e-01
2.188208672460278947e-03,4.537104225108290478e-01
1.633112162070071705e-03,4.013118345552428856e-01
2.051949572801485822e-01,3.590898075731284722e-01
8.180627419733588201e-02,6.682740165646028352e-01
2.690509323308332146e-02,1.861684584026581102e-01
2.159543817748484917e-01,-1.085179080805649537e-01
1.910925084959040898e-01,-1.481646498863692651e-01
6.159219145816963170e-02,2.198868086495584240e-01
9.216138778007862964e-01,1.257105154019405147e+00
9.663005918198480648e-01,8.523944593992462959e-01
2.602374985902581317e-01,-5.664789516602977137e-01
9.734615891168149071e-01,5.791636265774381398e-01
7.958041909165942673e-01,1.494874439530761601e+00
9.471602802837535418e-01,1.087313098651541132e+00
2.084861042336491055e-01,2.165895747278656636e-01
5.523214651876326986e-01,-1.178339589965858858e-01
5.009689595847111043e-02,7.513703496298455506e-03
1.985995542788288049e-01,8.253900511698692988e-01
5.649730481112810176e-01,-1.432358500032457072e-01
1.278786301568102246e-02,1.150795106425320652e-01
1.927011871995857328e-01,1.909730055643754643e-01
5.984004486054234073e-01,-1.585566779876430854e-01
4.732528129994328925e-02,8.107196351798477696e-02
2.223009614436801673e-01,-1.161945361045716996e-01
5.445606394107616044e-02,5.963961317250959099e-02
2.088431443924977371e-01,2.558318395403904599e-01
2.272508227828884397e-02,3.969905356884463887e-01
2.522181547470397911e-01,-2.984001871901214575e-01
3.887070258267456557e-01,-6.020466825973849190e-01
9.925516397743855412e-01,2.169601887355446790e-01
7.449048935505708791e-02,3.243514568316280267e-01
5.569954991676673295e-03,-2.374619323974670460e-01
6.052778700994456695e-01,2.634416792621529502e-01
6.370560869180208474e-02,5.550357834966996862e-01
7.851678916394333463e-02,7.339294705461011370e-01
7.627095404668556844e-01,1.613962450802089110e+00
9.639008287224225535e-01,7.783282995511257019e-01
8.142799573367190957e-01,1.824601982492565222e+00
5.614977920473929185e-01,-4.750789149073655904e-01
4.499685742364359919e-01,-7.953142862067428265e-01
5.696303413570259488e-01,1.040420110638289736e-01
2.424507782055744798e-01,3.851881289062486502e-02
2.219882045120856739e-01,-9.052942011798803534e-02
2.614259899393471809e-01,-4.930570141942512419e-01
2.698616872059435012e-01,-5.133935327759556189e-02
5.690648386056595953e-03,2.468567005311976259e-01
4.205397505783972090e-01,-8.609762590020757500e-01
3.879665530686828845e-01,-1.271343063412472274e+00
6.582808434860409896e-02,2.308863977280035673e-01
7.797040767295460029e-02,1.231677334356992004e+00
3.915337924286198534e-01,-9.358217643698186761e-01
2.313081351350410042e-02,4.726611175730036640e-01
2.613365625901644673e-01,-3.622648371053845129e-02
2.078707667177903673e-01,2.018608354432306906e-01
4.306555445511052183e-01,-4.956046052047096695e-01
1.016801668683320337e-02,-1.012785517446686406e-01
2.556764937586745168e-01,-1.970393407520599216e-01
6.159004205877574023e-01,4.071821440559184602e-01
9.260605001606262432e-01,1.150142473777403529e+00
8.673882478094308013e-02,6.621097067998271690e-01
3.949227983266733188e-01,-8.870028317282426800e-01
4.213585673603259529e-01,-7.013433925468458563e-01
5.813729140415122565e-01,-1.583017105714938089e-01
3.868564190450342055e-01,-2.536121730283580344e-01
2.189863017601378914e-02,2.371717882100728980e-01
9.749653090215255613e-01,1.286569372171586290e+00
2.969022244671415400e-02,2.820048642330835187e-01
9.923156510582408218e-01,6.267236196509947677e-01
5.885804097813972513e-01,-1.085047420372486776e-01
2.161900156006746343e-02,6.105935434114132532e-01
5.740928205486794944e-01,1.286965956075100115e-01
3.994328625066124738e-01,-1.151615436920373714e+00
5.990655923712461250e-01,1.043585397578753599e-01
9.831348878660411961e-01,7.567850103075068890e-01
7.947434396354569053e-01,1.773613277615501138e+00
6.258894787144420047e-02,4.402399491128763942e-01
3.722678254943079246e-01,-8.030054814477008973e-01
6.159825279973386580e-01,3.415233461481200217e-01
4.217706544620420939e-01,-8.399603480284481005e-01
2.017082797093558977e-01,8.233292012624887635e-02
5.857277386352655046e-02,6.902145938826946825e-01
2.137322870518407747e-01,7.651750089142203004e-01
6.080927260345883045e-01,1.068533443724919207e+00
6.071770277817122308e-01,-3.199686204444742166e-01
6.440929710093848959e-01,5.630453523357874523e-01
6.011778560565224083e-01,-2.367599685693038969e-01
2.547278134036320418e-01,-5.580743752985362072e-01
2.435440343522857765e-01,-1.385215303223306660e-01
3.825095525096068316e-01,-5.110685879124903241e-01
9.952029841079701455e-01,1.159968566884513663e+00
9.643883489969183875e-01,1.284395600000362681e+00
5.991859618259328668e-01,-2.879604796885836676e-02
7.582842965122401635e-01,1.237468399986263234e+00
4.068868108810616002e-01,-9.678384639726419492e-01
4.301514898994696079e-01,-8.967588261880053979e-01
7.700365221004323857e-02,6.039156152264084643e-01
9.797524967567060594e-01,8.024129053041173520e-01
3.780848144449722170e-02,4.921170719001651678e-02
6.077007651118794263e-01,-3.324204470447421067e-01
8.179041614761761725e-01,1.914678810180375779e+00
4.253655533557817447e-01,-9.094093330183506962e-01
3.935948671571712909e-01,-1.202350493814978272e+00
7.658138471859946561e-01,1.374575556868837145e+00
3.198251422469766680e-03,-2.049458308942255641e-02
4.155349128019875105e-01,-2.313101495827832310e-01
7.526192008805169253e-01,1.133890744716307131e+00
7.694430885367972150e-01,1.509591160074166050e+00
7.709841723211647846e-01,1.533451817590216315e+00
3.311142615554318880e-03,2.758244413986615795e-01
5.912494876576990244e-01,3.703540919554885735e-01
9.479692888095173631e-01,1.291798349744779584e+00
2.080483818372409477e-01,-1.420001180289309772e-01
6.243922126613317136e-01,-3.139365092232896393e-01
8.043742825946824659e-01,1.585189333887492946e+00
7.776004425663434194e-01,1.602826551431307367e+00
8.196821329069821083e-01,1.080907513096374561e+00
7.693149568407949834e-01,1.789227473798907120e+00
2.688515058879845654e-01,-3.388344987314312884e-01
5.674905789446625937e-01,-4.501660621812306196e-01
7.770353268625229681e-02,7.737271848649218686e-01
5.856102255272436219e-01,-2.389975239234863047e-01
6.353793240840178713e-01,2.092870529885513253e-01
7.816618732766367206e-01,1.608631095183802096e+00
9.226417354461020626e-01,1.348414396831498330e+00
2.678881541444015912e-01,4.037626304584721049e-02
7.809735599240292814e-01,1.880162666622997136e+00
5.987528824789590809e-01,1.556741447938547740e-02
9.206853939377689366e-01,1.394640976644228925e+00
8.059651605334267055e-01,1.282342285312699781e+00
1.808716367173723860e-03,2.725683928259446942e-01
5.974104042142125426e-02,3.915492893478543235e-01
9.595027318179566445e-01,9.137942715807056970e-01
1.551686354421222269e-02,7.281788139778657687e-01
6.138135624965118664e-01,2.970193136295727898e-01
5.310775449221982747e-03,4.283077943035923929e-01
8.098587589351455840e-01,1.277835795881988146e+00
4.907450094561671694e-02,1.054368933687993733e-02
5.600997871642922066e-01,-2.768095851574502164e-02
4.018817650539078246e-01,-5.990409061684067726e-01
9.228774084784213683e-01,1.545926315611600321e+00
8.434695937114811137e-02,8.582751295345869558e-01
4.886818482860155743e-02,4.375177824929776804e-01
9.969786499292507820e-01,4.949805785402394132e-01
5.944805705465774359e-01,-2.952381477797836329e-01
1.757830828276218949e-02,-2.551255598069423480e-01
2.104784757681341656e-01,2.459567610190308840e-01
6.074881313761639756e-01,-3.427068944969499098e-01
6.058945841685778877e-01,-1.110342028492214278e-01
6.111286861560577544e-01,4.104704895289185140e-01
1.994167874514181094e-01,5.564816529688029201e-01
4.474122160223990008e-01,-1.663332568124250288e-01
8.192629683538806828e-01,1.936040935444672373e+00
9.744866064883195289e-01,1.584683619790307543e-03
8.071497450667155515e-01,2.198709389918426460e+00
6.065917957023941876e-01,1.281477175286166448e-01
5.633866795624986601e-01,-1.894337553786872852e-01
8.751544776632835809e-02,6.284352046938850300e-01
2.119189424425389490e-01,6.965158155912662408e-02
1.948536014055124443e-02,8.570903271600571749e-02
2.363345974170755204e-01,4.564746637023807119e-01
6.867364631256067664e-02,5.339026114801347367e-01
6.021154168017024411e-01,5.607128172972473124e-01
2.202556449738392041e-01,2.730292722617093659e-01
9.311824310767192747e-01,9.500455913375501771e-01
7.928107603309891838e-01,6.894344247528796377e-01
6.454902557583936940e-01,5.119276972256409097e-01
9.911023165061383366e-01,6.102994448917321568e-01
4.162964549541020576e-01,-5.152791004155499177e-01
2.301291435947451225e-01,-5.793724558661142998e-01
9.346432262049583217e-01,1.416545583294060329e+00
5.744541413083037451e-02,-3.378565320842279868e-02
2.190485322737492080e-01,-1.390398479467193360e-01
5.743646903400473347e-01,-1.841966779457138437e-01
4.822293512624098444e-02,6.137529838029062157e-01
2.241133591262842728e-01,2.293344959783630288e-01
6.063327236212751048e-01,6.577345006266641647e-01
7.556611761765770208e-01,1.020069152280509206e+00
4.460500123916076864e-01,-5.796559088567212470e-01
1.949973084485728814e-01,4.187183330972296669e-01
9.799906923108206991e-01,8.138887911709274947e-01
9.813034336286373671e-01,4.727786384708768108e-01
9.756146454422890413e-01,7.671107049991223725e-01
7.516535551878112953e-01,1.251845808542217720e+00
9.453444507201069769e-01,8.424546949537734530e-01
7.650082431024263219e-01,1.588026808604519280e+00
2.551609584923141272e-01,-4.878942231235383065e-01
3.770662818822223539e-01,-1.258763116166131901e+00
1.389143546358873049e-02,-3.787839373973612977e-02
7.995121498253159320e-01,1.472657110074315101e+00
6.363097085590867508e-01,5.403560249240728641e-01
8.116423864128802235e-01,1.675228835047190667e+00
9.271495742212447766e-01,1.462354876417968796e+00
3.733625415655449364e-01,-7.065675591853400883e-01
5.943898355018044644e-01,-2.199804911257686735e-01
7.902833472694323902e-01,1.032112014120060151e+00
9.535638488652022904e-01,8.155096532841575874e-01
5.728137283054620665e-01,5.986926622068113879e-01
6.403674811394574062e-01,5.928509532492870493e-01
2.340278279586889276e-01,-8.941002245770475476e-02
5.633005222227324138e-01,-7.465559543397789488e-01
3.709887335734783909e-01,-7.449586386755658873e-01
6.277789658334514966e-01,7.335670763299757466e-03
7.512184629160779670e-01,1.897852069143201259e+00
6.282870449520587819e-01,2.299478781729408783e-01
7.850064291080134371e-01,2.123836406108790431e+00
1.947564207317378226e-01,5.736055452747557126e-01
9.415741568053256350e-01,9.764416890667003690e-01
4.029868778665040008e-01,-1.102521911500092378e+00
9.383327681368928141e-01,8.510754819704138274e-01
5.988363969117799224e-01,4.280831642628560307e-01
3.723124223613547557e-01,-7.265807629202137852e-01
6.054029730699017620e-03,3.535275583105174646e-01
7.658406837363336273e-01,1.142189808114711713e+00
5.711189331265588143e-01,-9.371984145513609921e-01
5.904577389063888626e-01,2.121464165460011653e-01
9.960689435824282567e-01,7.514983946731554898e-01
4.251200409580075945e-01,-6.836004563922585264e-01
2.332780617394021316e-01,-7.795453504603736539e-01
7.810544537892979422e-01,1.639087776281816122e+00
3.904929812182033055e-01,-9.421746573265508129e-01
4.058080530959190524e-01,-1.107846220061350806e+00
6.098408945931055314e-01,2.322426555029327433e-01
9.733354402294166485e-01,6.639753713056932849e-01
7.825227122412325986e-02,2.378772575916145715e-01
2.357065477608017989e-01,-5.736012069654692486e-02
2.660393735268605786e-01,-3.226761884866028440e-01
2.228470335837479110e-01,1.402083754186428666e-01
2.276196339646985312e-01,2.260310497585979461e-01
9.217676851817730999e-01,7.952221874145496416e-01
4.117030159665800992e-01,-1.735627478520410438e+00
4.176500442899900856e-01,-6.437313396467927440e-01
7.727964208180615469e-01,1.901095583978478665e+00
9.671582330283867712e-01,8.735464424879713086e-01
9.796175268674495173e-01,5.966139392761468097e-01
5.528858197027597399e-02,2.370082712948853032e-01
2.789180985654793332e-02,1.126695356282069183e+00
9.302676432177783283e-01,9.244790621608904857e-01
7.347211937122410941e-02,1.062631727311443175e+00
9.594982159739672278e-01,1.260338549484026682e+00
5.826983854029303966e-01,1.301659860303857885e-01
9.921721634692824976e-01,1.076327521547622235e+00
4.878524163413344716e-02,5.229935262998217649e-01
5.597498677856167504e-01,-2.526875523728505483e-03
4.176250226966790047e-01,-1.157586176810079914e+00
4.028585940030660062e-01,-9.230889739577261555e-01
6.293839762324144882e-01,2.759067383021389652e-01
4.004368044459307718e-01,-9.182858142963216119e-01
2.656814589025364715e-01,-4.832434922982024178e-02
7.874273376936238300e-01,1.614725781764114076e+00
9.756457762611031592e-01,7.244566577233034765e-01
8.164713270619468055e-01,1.335732269132674288e+00
1.908661897858811018e-01,8.819102766190741599e-03
4.182485343053364835e-01,-1.069446668073059659e+00
1.977592539077666078e-01,-3.135668432994406785e-01
7.743803657175881705e-01,1.323299766453719162e+00
5.721772542408753992e-01,-1.584265733193471748e-01
3.982761067632173413e-01,-5.166807748627442187e-01
2.514649030207066760e-01,1.189276766453271766e-01
7.666130506679829093e-01,1.516819431848354327e+00
5.705890667184072562e-01,-3.023770041792448460e-01
7.740535483588887322e-01,1.419131672386033438e+00
1.950620493936172650e-01,2.747498815587530729e-01
4.068668150598361288e-01,-4.756490251246034417e-01
1.263094686219823348e-02,1.751568833826945282e-01
2.286144401777746582e-01,-2.437583489074694743e-01
7.506125872791664655e-01,1.616372978889556222e+00
3.763740167693141458e-01,-9.122052021024515955e-01
5.355601247325159076e-02,3.299694041280393231e-01
6.445282093707190851e-01,3.406122043419616552e-01
8.075693853497069030e-01,1.436910726816359674e+00
6.398779725633044757e-01,-2.067011749206874166e-02
2.534571424259821626e-01,-2.456009815693833698e-01
4.398564445737274120e-03,3.623905840655873845e-01
5.655872403246086089e-01,-2.310071628173068492e-01
3.838872056113660225e-01,-4.500747305887204397e-01
4.455062363153357019e-01,-2.648602331525318210e-01
6.319538451214803398e-01,3.498714999946991311e-01
9.259374628396030982e-01,1.425519804596970808e+00
9.280352573931264226e-01,9.369349648093204808e-01
3.883221427934313574e-01,-5.412090686123373073e-01
7.551648873716210186e-01,9.834194067934813877e-01
4.006898276598406250e-01,-1.392265759507832046e+00
9.678315162381511128e-01,1.043422080508309424e+00
6.472251841531181382e-01,1.828211270835957691e-01
9.509671536657264834e-01,6.907350500913920222e-01
8.260515095476150815e-02,6.627716316262938223e-01
2.280464297866703349e-01,-4.865520439377354900e-01
5.526629633482071924e-01,8.284316217472394162e-02
8.445646006869256261e-03,7.996776536891407605e-02
5.543680422684247322e-01,-1.314575486607085231e-01
9.232830839509721388e-01,1.031948778859976823e+00
7.998346859711252810e-01,1.129503460032077911e+00
2.104748228825861212e-01,2.798620759303636074e-01
1.987580785702682817e-01,3.640596359792205305e-01
3.929170076752521723e-01,-8.746416602907853832e-01
9.845735907532938702e-01,7.385349144482410422e-01
7.559591212988691078e-01,1.938366469345492060e+00
7.617428758058442106e-02,4.107020977574786791e-01
7.622225330464522663e-01,8.803138105833904214e-01
7.524004672368503899e-01,1.451791674197739246e+00
5.819412927335563257e-01,-9.977452969001024408e-02
4.036866123259954531e-01,-1.233005755239715118e+00
9.735459884701754829e-01,8.188488036703744921e-01
9.370145393440857395e-01,9.589172017364253620e-01
6.064433102748086890e-01,7.359356509374070932e-02
2.485119572225158446e-01,-1.608552866336521447e-01
6.328218936590488397e-01,1.968528677629971246e-01
5.538645268550314027e-01,-9.641776736700365946e-01
4.101230559051616265e-01,-9.876373902986428366e-01
4.273153733249113184e-01,-3.855829422123391859e-01
9.671734880940066059e-01,4.174423150267809191e-01
9.773118567615631802e-01,5.687649812959676421e-01
8.186562810860046335e-01,1.951873247899720498e+00
2.239945523139896810e-01,3.583003954450197925e-01
2.028032308804417205e-02,1.733788106916252236e-01
9.560201931395507779e-01,1.225344829012369852e+00
7.668128462215444419e-01,1.450852736578549518e+00
3.051020983806440601e-02,5.828565203149107532e-01
9.346548165366594940e-01,1.160820868651589732e+00
4.448557190517102855e-01,-6.445838562758597901e-01
4.017419135054548507e-01,-6.709695242829677442e-01
1.992236827663902421e-01,5.845518883853404457e-01
8.382958611952429084e-02,4.472191983981939623e-01
7.751554181657460685e-02,1.064199988948279607e+00
3.740333078479581852e-01,-8.350244172155074640e-01
8.073525818657399933e-01,1.289230276039553091e+00
2.254625018007818671e-01,1.325580997540767025e-01
6.115133691025759211e-01,-3.719381160989352897e-01
4.344383422500383007e-01,-6.306263100281453982e-01
4.369116006949153030e-01,-1.140123475872081071e+00
8.148302961784408271e-01,1.438519464807155757e+00
7.901032140323079878e-01,1.507560864378479026e+00
7.567137107811248153e-01,1.457639514783303225e+00
3.322389905213030126e-02,5.270297515745441252e-01
4.163134699913461079e-01,-7.922593088165864605e-01
3.713650807718443803e-01,-2.287352617032797630e-01
1.462445797452449625e-02,-1.063966059146594784e-01
3.902176911674393178e-01,-9.192171761022355225e-01
2.200793875153153056e-01,-4.891601812732859211e-01
7.578634184013238739e-01,1.622381913149012034e+00
5.599871754892756792e-01,-1.888586320910939087e-01
9.585357706454830096e-01,1.167692909366650822e+00
1.931430715174713431e-01,3.247200780103243756e-01
3.736325537046785161e-01,-1.192857390057670663e+00
7.694499298117866148e-01,1.729293761908297977e+00
2.624234583019088296e-01,-8.044602179246286289e-01
9.804303573847324982e-01,1.177397923487060849e+00
6.140282962632057639e-01,4.961129269950647486e-02
8.023634667836447854e-01,1.156111005907544120e+00
4.371293022507020121e-01,-6.509712995691292470e-01
9.707346409017295619e-01,1.936224797056143310e-01
5.777088282892307580e-01,2.499115543915091109e-01
9.419065953921992307e-01,1.345398001905444785e+00
6.280969188947502779e-01,3.923474489853955305e-01
4.376269143763422687e-02,7.435962267155277194e-01
8.050750314013552789e-01,1.563356417452203884e+00
2.101179149008758351e-03,1.180366400712392072e-01
5.985106135799397320e-01,1.714620894000747908e-01
7.860343068885875528e-01,1.632555949122239225e+00
4.130274202836928810e-01,-7.590454511656878900e-01
2.345576959534745320e-03,1.323543533425086682e-01
5.690918965938738250e-01,-2.503936908202513134e-01
3.886651921609977078e-01,-8.470760065392156646e-01
5.774317883017632269e-02,3.683703015283927296e-01
9.327517890537175838e-01,1.109229452435452012e+00
5.937240475184040189e-01,-1.014567757981633817e-01
4.156436899292103027e-01,-9.987436001506073691e-01
3.821134198729758680e-01,-1.376989949752156495e+00
3.702188434109882076e-01,-6.637618338936847051e-01
3.708107247778390514e-01,-6.626920165208521896e-01
2.446768219224687568e-01,2.182451183365203551e-01
2.049878728901424196e-01,1.292627703116259463e-01
4.059956256567810451e-01,-1.163307953181728971e+00
2.746194940543167373e-02,6.888829224486558989e-01
8.403811527556426242e-04,3.117447325594088214e-01
2.503249392127986361e-01,-3.761691189912351740e-01
4.435989688941880393e-01,-6.578961610039405494e-01
5.816161464481407473e-01,-2.283102726600752808e-01
5.811083056196645336e-01,-1.025798411539630695e-01
3.740937856929444916e-01,-9.873985164641639889e-01
7.823579369675848216e-01,1.216406224405939263e+00
7.768079976436104150e-02,4.019088910618121568e-01
2.140912020133545202e-02,2.579089499001335772e-01
7.921286493844424959e-01,2.236388053515818264e+00
1.167703974888334439e-02,3.634010250787803042e-01
1.343238998523632599e-02,-3.757295830989156316e-01
2.526846778965019524e-01,-2.009284794661156046e-02
2.452993172553233903e-01,-5.028001703525019316e-03
4.758752472912464171e-02,9.037345621037016219e-01
2.268380734767552198e-01,-1.601540820203776472e-01
7.771573811033327672e-02,1.299388041873001498e+00
9.554818644776880143e-01,2.832330104516526670e-01
5.744816410878302859e-01,2.181886656846469819e-01
2.286057965067398445e-01,-6.165377585454467207e-02
4.464230299541875890e-01,-4.776994274158508080e-01
6.107055790738737944e-01,2.035177345276162342e-01
4.193099383079896825e-01,-1.072062598973487324e+00
9.883992152635319162e-01,8.563265357918085074e-01
7.756341690172249281e-01,1.610811958873484162e+00
8.574698919359691196e-03,-6.032342564534577400e-01
2.697113257772947303e-01,5.932977296698233038e-02
1.274914411590599705e-02,3.096701156863330140e-01
9.793566441455607841e-01,8.578723876554608108e-01
2.078461648465164124e-01,5.764553138157885170e-01
1.970153622965620244e-01,2.110781588055441749e-01
9.966952682373085848e-01,2.078757429355871100e-01
4.872276323988111724e-02,4.832473831771181283e-01
4.213318702270985039e-01,-1.540698009468345342e+00
2.516388052730352820e-01,-4.307763958987168018e-01
4.173666289231374726e-01,-1.146858172901042305e+00
4.085226447717801301e-01,-2.265204851434526878e-01
2.326811182382426679e-03,4.317473902003807207e-01
5.830346080270278897e-01,7.620664194399323979e-03
4.188440170494805992e-01,-5.836521079084039387e-01
2.625928952821601214e-01,-2.816051600348996042e-01
5.779159501222953521e-01,-4.418547936015606442e-02
5.701327581200562600e-01,-1.126992576979309463e-01
7.520025886353053357e-01,1.177243208739446434e+00
2.258030915412377881e-01,8.686562189695719305e-02
5.757547274312222463e-01,-3.242629452416931901e-01
5.547560231832643352e-01,-5.954848714119748143e-01
4.399263243840310089e-01,-9.096189706430632960e-01
1.967521202595956531e-02,-7.471665416435903095e-01
4.097233264565445232e-01,-9.220742793942195981e-01
8.119882552555915955e-01,9.299323067398528320e-01
2.134322491233890950e-01,6.635618701963934274e-02
9.478095750014959853e-01,8.566371279408765416e-01
2.015256800405275106e-01,3.001603423180532193e-01
6.785692765689876893e-02,1.163938308978579084e+00
3.796084869337085221e-01,-6.793971407082952663e-01
4.040381572885780592e-01,-9.914440831980714242e-01
8.074190511807303183e-01,2.014628398011196531e+00
3.947225974060574183e-01,-6.774068135970391369e-01
9.956645229103835426e-01,2.432415541711555329e-01
2.949957677337200490e-02,5.206064192768616872e-01
4.392254068800417466e-01,-8.155675180100852018e-01
3.916606814959037175e-01,-1.049215211233413880e+00
1.955780959209715286e-01,2.812349358356217577e-01
7.937632498119342461e-01,1.301757187356293421e+00
9.215911863641460533e-01,1.601259313672491968e+00
5.861123365017042453e-01,-5.703183135093363720e-01
8.163050248576084744e-01,1.809446516588919973e+00
4.211922059194765922e-01,-1.415405618098785068e+00
6.455966469950020770e-01,2.801069338184324908e-01
4.445087972272743215e-01,-1.182943209023322728e+00
3.879174771683836509e-01,-1.453888776134712790e+00
6.056822984019488709e-01,4.258230162457767309e-01
2.511971474391169190e-01,3.546364286630118157e-01
7.603300562372898863e-01,1.176860082513742745e+00
9.788891081846928799e-01,5.955370547891393196e-01
5.809769714449649625e-01,-4.540512724732311267e-01
8.040630416452689833e-01,1.470187497290472045e+00
1.991732987073984162e-01,4.618186131929202798e-01
2.673038990001053161e-01,-1.227082340592295234e-01
6.414311146418377740e-01,7.620283438290268441e-01
9.894069751349353625e-01,6.128999514933386461e-01
2.036266635983127182e-01,-1.419480601906493271e-02
7.624359447287276659e-01,1.324965793353665378e+00
6.171858368377384219e-01,1.070294593044922721e-01
8.002373338601963537e-01,1.055740366933963781e+00
7.620520307499278889e-02,5.522282509172992127e-01
7.342213859995538883e-02,1.101114856256045105e+00
2.624589850862304452e-01,-1.873251204656252722e-01
5.018377577899890696e-02,-1.890276721394983095e-02
6.445832463836180803e-01,6.802270233562197899e-02
7.901402441863418780e-01,1.782480286665561353e+00
9.291007236768101807e-01,1.599031551350240665e+00
2.032074968398142056e-01,5.126907591274568743e-01
8.149927501087329551e-01,1.655140488797037346e+00
3.823283724615048618e-01,-1.014086302352939173e+00
9.302251210552802130e-01,6.855497589083545673e-01
3.228649503110947450e-02,2.880674519315923332e-01
8.806844310425021582e-02,7.994420838106720550e-01
2.150275710820165331e-01,2.180095669983224405e-01
4.075787609043881599e-01,-1.007132011797555515e+00
7.991822662483526463e-01,1.978260507331389917e+00
3.873765195862496347e-01,-7.658220366552855873e-01
6.075587100681568709e-01,-6.130510633733676773e-02
8.914900588837471052e-02,7.233587975768177580e-01
5.774085340073962236e-01,-1.992088526982672969e-01
7.880166079953725422e-01,1.949132576929387239e+00
6.348719327146226110e-01,3.280274129768598890e-01
2.447084082647983383e-01,-3.352770181387532689e-01
9.911778967608430024e-01,9.578551729763215006e-01
2.619742820623534030e-01,-3.250441024631877118e-01
5.111931763172983256e-02,-3.015815704313522527e-01
2.651818439696631557e-01,-2.268292329799706797e-01
4.233443376120362700e-01,-1.589468821354032224e+00
9.909858065375836134e-01,3.300436440440529529e-01
9.920419846478006898e-01,6.254632357037415158e-01
7.570397223766338612e-01,1.461372655813510280e+00
1.989398063659610916e-01,4.672507249761477799e-01
5.937418562182861237e-01,-1.295500195014841899e-02
6.072256123722591381e-01,5.975439991719561084e-02
1.901273691289430134e-01,5.278628431531179332e-01
8.125023568952339792e-01,1.673150301007853447e+00
4.145442722690801940e-01,-1.276093135270719214e+00
